Название,Цена,Ссылка
Диван Льери Мини Velvet Light,68 240руб.,https://www.divan.ru/product/divan-leri-mini-velvet-light
Диван Нумо Velvet Yellow,38 840руб.,https://www.divan.ru/product/divan-numo-velvet-yellow
Диван Тут Рядом Дом Серо-графитовый,76 640руб.,https://www.divan.ru/product/divan-tut-ryadom-dom-sero-grafitovyj
Диван угловой Эби-1 Velvet Coral,76 640руб.,https://www.divan.ru/product/divan-uglovoj-ebi-1-velvet-coral
Диван Бонент Velvet Eclipse,78 740руб.,https://www.divan.ru/product/divan-bonent-velvet-eclipse
Диван Нумо Мини Textile Yellow,26 240руб.,https://www.divan.ru/product/divan-numo-mini-textile-yellow
Диван Тут Рядом Космос Светло-Бежевый,115 490руб.,https://www.divan.ru/product/divan-tut-ryadom-kosmos-svetlo-bejevyj
Диван Линс Velvet Navy Blue,34 640руб.,https://www.divan.ru/product/divan-lins-velvet-navy-blue
Кресло Тут Рядом Дом Сине-бежевый,53 540руб.,https://www.divan.ru/product/kreslo-tut-ryadom-dom-sine-bejevyj
Диван угловой Эдвин Velvet Smoke,76 640руб.,https://www.divan.ru/product/divan-uglovoj-edvin-velvet-smoke
Диван Бруквиль Velvet Blue,52 490руб.,https://www.divan.ru/product/divan-brukvil-velvet-blue
Диван Байма Velvet Grey,73 490руб.,https://www.divan.ru/product/divan-bajma-velvet-grey
Диван Спейс Velvet Beige,66 140руб.,https://www.divan.ru/product/divan-spejs-velvet-beige
Диван угловой Беллер Textile Yellow,43 040руб.,https://www.divan.ru/product/divan-uglovoj-beller-textile-yellow
Кресло Бенел Cozy Ivory,35 690руб.,https://www.divan.ru/product/kreslo-benel-cozy-ivory
Диван Нумо Velvet Grafit,38 840руб.,https://www.divan.ru/product/divan-numo-velvet-grafit
Кресло-кровать Маре Мини Velvet Grafit,23 090руб.,https://www.divan.ru/product/kreslo-krovat-mare-mini-velvet-grafit
Диван Клаймар Velvet Beige,59 840руб.,https://www.divan.ru/product/divan-klajmar-velvet-beige
Пуф Тут Рядом Дом Серо-графитовый,16 790руб.,https://www.divan.ru/product/puf-tut-ryadom-dom-sero-grafitovyj
Диван Марей Soft Grey,94 490руб.,https://www.divan.ru/product/divan-marej-soft-grey
Диван Сваут Velvet Grey,68 240руб.,https://www.divan.ru/product/divan-svaut-velvet-grey
Кресло Бенел Cozy Beige,35 690руб.,https://www.divan.ru/product/kreslo-benel-cozy-beige
Диван Линс Velvet Grafit,34 640руб.,https://www.divan.ru/product/divan-lins-velvet-grafit
Диван угловой Аронт Мини Velvet Pink,59 840руб.,https://www.divan.ru/product/divan-uglovoj-aront-mini-velvet-pink
Диван Рейли Velvet Coral,38 840руб.,https://www.divan.ru/product/divan-rejli-velvet-coral
Диван угловой Вайвел Barhat Forest,94 490руб.,https://www.divan.ru/product/divan-uglovoj-vajvel-barhat-forest
Диван Бруквиль Velvet Smoke,52 490руб.,https://www.divan.ru/product/divan-brukvil-velvet-smoke
Пуф Тут Рядом Красавчик Светло-бежевый,36 740руб.,https://www.divan.ru/product/puf-tut-ryadom-krasavchik-svetlo-bejevyj
Диван Коренс Happy Grey,31 490руб.,https://www.divan.ru/product/divan-korens-happy-grey
Диван угловой Шера Velvet Light,104 990руб.,https://www.divan.ru/product/divan-uglovoj-shera-velve-light
Диван Види Textile Ocean,25 190руб.,https://www.divan.ru/product/divan-vidi-textile-ocean
Пуф Тут Рядом Дом Зеленый,16 790руб.,https://www.divan.ru/product/puf-tut-ryadom-dom-zelenyj
Кресло Пайл Barhat Beige,24 140руб.,https://www.divan.ru/product/kreslo-pajl-barhat-beige
Модульный диван Brera-2 Velour Mix,111 280руб.,https://www.divan.ru/product/modulnyj-divan-brera-2-velour-mix
Кресло Гета Soft Silver,32 540руб.,https://www.divan.ru/product/kreslo-geta-soft-silver
Диван угловой Нумо Velvet Yellow,49 340руб.,https://www.divan.ru/product/divan-uglovoj-numo-velvet-yellow
Модульный диван Нолан-B 3 Soft Jungle,120 720руб.,https://www.divan.ru/product/modulnyj-divan-nolan-b-3-soft-jungle
Диван Тут Рядом Дом Сине-бежевый,76 640руб.,https://www.divan.ru/product/divan-tut-ryadom-dom-sine-bejevyj
Кресло Элвит Cozy Ivory,31 490руб.,https://www.divan.ru/product/kreslo-elvit-cozy-ivory
Диван Сваут Velvet Mustard,68 240руб.,https://www.divan.ru/product/divan-svaut-velvet-mustard
Кресло Рибс Velvet Beige,28 340руб.,https://www.divan.ru/product/kreslo-ribs-velvet-beige
Пуф Кропс Bucle Smoky,9440руб.,https://www.divan.ru/product/puf-krops-bucle-smoky
Пуф Лонди Cozy Beige,12 590руб.,https://www.divan.ru/product/puf-londi-cozy-beige
Диван Мисл Barhat Mint,78 740руб.,https://www.divan.ru/product/divan-misl-barhat-mint
Диван угловой Мейлон Velvet Eclipse,52 490руб.,https://www.divan.ru/product/divan-uglovoj-mejlon-velvet-eclipse
Кресло Тут Рядом Дом Розовый,53 540руб.,https://www.divan.ru/product/kreslo-tut-ryadom-dom-rozovyj
Диван Нумо Мини Textile Light,26 240руб.,https://www.divan.ru/product/divan-numo-mini-textile-light
Диван угловой Бонент Velvet Grey,94 490руб.,https://www.divan.ru/product/divan-uglovoj-bonent-velvet-grey
